{
  "version": 1,
  "author": "Chia lo Chen",
  "editor": "wokwi",
  "parts": [
    { "type": "wokwi-breadboard", "id": "bb1", "top": -214.2, "left": -93.2, "attrs": {} },
    { "type": "wokwi-arduino-uno", "id": "uno", "top": 48.6, "left": 105, "attrs": {} },
    {
      "type": "wokwi-pushbutton-6mm",
      "id": "btn2",
      "top": -162.7,
      "left": 425.9,
      "rotate": 90,
      "attrs": { "color": "green" }
    },
    {
      "type": "wokwi-pushbutton-6mm",
      "id": "btn3",
      "top": -124.3,
      "left": 368.3,
      "rotate": 90,
      "attrs": { "color": "green" }
    },
    {
      "type": "wokwi-pushbutton-6mm",
      "id": "btn4",
      "top": -124.3,
      "left": 483.5,
      "rotate": 90,
      "attrs": { "color": "green" }
    },
    {
      "type": "wokwi-pushbutton-6mm",
      "id": "btn5",
      "top": -85.9,
      "left": 425.9,
      "rotate": 90,
      "attrs": { "color": "green" }
    },
    {
      "type": "wokwi-pushbutton-6mm",
      "id": "btn1",
      "top": -162.7,
      "left": 13.1,
      "rotate": 90,
      "attrs": { "color": "green" }
    },
    {
      "type": "wokwi-pushbutton-6mm",
      "id": "btn6",
      "top": -124.3,
      "left": -44.5,
      "rotate": 90,
      "attrs": { "color": "green" }
    },
    {
      "type": "wokwi-pushbutton-6mm",
      "id": "btn7",
      "top": -124.3,
      "left": 70.7,
      "rotate": 90,
      "attrs": { "color": "green" }
    },
    {
      "type": "wokwi-pushbutton-6mm",
      "id": "btn8",
      "top": -85.9,
      "left": 13.1,
      "rotate": 90,
      "attrs": { "color": "green" }
    }
  ],
  "connections": [
    [ "bb1:bp.1", "uno:3.3V", "red", [ "h-10.4", "v258.3", "h226.2" ] ],
    [ "bb1:bn.1", "uno:GND.3", "black", [ "v267.5", "h244.8" ] ],
    [ "btn2:2.l", "bb1:bp.36", "black", [ "h-77.2", "v135.3" ] ],
    [ "btn3:2.l", "bb1:bp.37", "black", [ "h-10", "v96.9" ] ],
    [ "btn5:2.l", "bb1:bp.41", "black", [ "h-19.6", "v58.5" ] ],
    [ "btn2:1.r", "uno:A1", "#8f4814", [ "v0" ] ],
    [ "btn5:1.r", "uno:A2", "blue", [ "v0" ] ],
    [ "btn3:1.r", "uno:A3", "orange", [ "v0" ] ],
    [ "btn4:1.r", "uno:A4", "green", [ "v0" ] ],
    [ "btn4:2.l", "bb1:bp.47", "black", [ "h-10", "v96.9" ] ],
    [ "btn6:2.l", "bb1:bp.3", "black", [ "v0" ] ],
    [ "btn8:2.l", "bb1:bp.6", "black", [ "h-10", "v58.5" ] ],
    [ "btn7:2.l", "bb1:bp.11", "black", [ "h-10", "v96.9" ] ],
    [ "btn5:1.l", "bb1:55b.g", "", [ "$bb" ] ],
    [ "btn5:2.l", "bb1:53b.g", "", [ "$bb" ] ],
    [ "btn5:1.r", "bb1:55b.j", "", [ "$bb" ] ],
    [ "btn5:2.r", "bb1:53b.j", "", [ "$bb" ] ],
    [ "btn3:1.l", "bb1:49t.e", "", [ "$bb" ] ],
    [ "btn3:2.l", "bb1:47t.e", "", [ "$bb" ] ],
    [ "btn3:1.r", "bb1:49b.f", "", [ "$bb" ] ],
    [ "btn3:2.r", "bb1:47b.f", "", [ "$bb" ] ],
    [ "btn4:1.l", "bb1:61t.e", "", [ "$bb" ] ],
    [ "btn4:2.l", "bb1:59t.e", "", [ "$bb" ] ],
    [ "btn4:1.r", "bb1:61b.f", "", [ "$bb" ] ],
    [ "btn4:2.r", "bb1:59b.f", "", [ "$bb" ] ],
    [ "btn2:1.l", "bb1:55t.a", "", [ "$bb" ] ],
    [ "btn2:2.l", "bb1:53t.a", "", [ "$bb" ] ],
    [ "btn2:1.r", "bb1:55t.d", "", [ "$bb" ] ],
    [ "btn2:2.r", "bb1:53t.d", "", [ "$bb" ] ],
    [ "btn1:1.l", "bb1:12t.a", "", [ "$bb" ] ],
    [ "btn1:2.l", "bb1:10t.a", "", [ "$bb" ] ],
    [ "btn1:1.r", "bb1:12t.d", "", [ "$bb" ] ],
    [ "btn1:2.r", "bb1:10t.d", "", [ "$bb" ] ],
    [ "btn6:1.l", "bb1:6t.e", "", [ "$bb" ] ],
    [ "btn6:2.l", "bb1:4t.e", "", [ "$bb" ] ],
    [ "btn6:1.r", "bb1:6b.f", "", [ "$bb" ] ],
    [ "btn6:2.r", "bb1:4b.f", "", [ "$bb" ] ],
    [ "btn7:1.l", "bb1:18t.e", "", [ "$bb" ] ],
    [ "btn7:2.l", "bb1:16t.e", "", [ "$bb" ] ],
    [ "btn7:1.r", "bb1:18b.f", "", [ "$bb" ] ],
    [ "btn7:2.r", "bb1:16b.f", "", [ "$bb" ] ],
    [ "btn8:1.l", "bb1:12b.g", "", [ "$bb" ] ],
    [ "btn8:2.l", "bb1:10b.g", "", [ "$bb" ] ],
    [ "btn8:1.r", "bb1:12b.j", "", [ "$bb" ] ],
    [ "btn8:2.r", "bb1:10b.j", "", [ "$bb" ] ],
    [ "btn1:2.l", "bb1:bp.10", "black", [ "h28.4", "v135.3" ] ],
    [ "btn8:1.r", "uno:2", "blue", [ "v0" ] ],
    [ "btn7:1.r", "uno:3", "gold", [ "v0" ] ],
    [ "btn1:1.r", "uno:4", "green", [ "v0" ] ],
    [ "btn6:1.r", "uno:5", "orange", [ "v0" ] ]
  ],
  "dependencies": {}
}